[
  {
    "id": "492dd5a8-4012-4261-ad03-6a8236cef9a3",
    "data": [
      {
        "text": "vraag het me later",
        "userDefined": false
      }
    ],
    "isTemplate": false,
    "count": 1,
    "lang": "nl",
    "updated": 0
  },
  {
    "id": "45039e9e-ce7b-4e45-b02c-820373aa794c",
    "data": [
      {
        "text": "nog niet",
        "userDefined": false
      }
    ],
    "isTemplate": false,
    "count": 1,
    "lang": "nl",
    "updated": 0
  },
  {
    "id": "99ebb300-602b-49e4-b63a-3c3b2afa1c2d",
    "data": [
      {
        "text": "volgende keer",
        "userDefined": false
      }
    ],
    "isTemplate": false,
    "count": 1,
    "lang": "nl",
    "updated": 0
  },
  {
    "id": "383200e5-14b5-4c68-ac36-03dffcd940ba",
    "data": [
      {
        "text": "nu even niet",
        "userDefined": false
      }
    ],
    "isTemplate": false,
    "count": 0,
    "lang": "nl",
    "updated": 0
  },
  {
    "id": "6fc42676-47f2-41cc-9440-e46e456e6193",
    "data": [
      {
        "text": "doe maar later",
        "userDefined": false
      }
    ],
    "isTemplate": false,
    "count": 1,
    "lang": "nl",
    "updated": 0
  },
  {
    "id": "b08ede6f-32d0-4e1f-89e7-1ce7fb2d212a",
    "data": [
      {
        "text": "niet nu",
        "userDefined": false
      }
    ],
    "isTemplate": false,
    "count": 3,
    "lang": "nl",
    "updated": 0
  },
  {
    "id": "9b8b920e-0190-4d2c-9e61-01afbe098e18",
    "data": [
      {
        "text": "doe het later",
        "userDefined": false
      }
    ],
    "isTemplate": false,
    "count": 0,
    "lang": "nl",
    "updated": 0
  },
  {
    "id": "c9cb19a7-201c-4305-9e02-9694dda72141",
    "data": [
      {
        "text": "nu niet",
        "userDefined": false
      }
    ],
    "isTemplate": false,
    "count": 1,
    "lang": "nl",
    "updated": 0
  },
  {
    "id": "ec9055a8-efe5-4aee-87a9-5977e100f6d3",
    "data": [
      {
        "text": "een andere keer",
        "userDefined": false
      }
    ],
    "isTemplate": false,
    "count": 0,
    "lang": "nl",
    "updated": 0
  },
  {
    "id": "50d6b780-a3ec-4699-b969-d4cfea6be93a",
    "data": [
      {
        "text": "later",
        "userDefined": false
      }
    ],
    "isTemplate": false,
    "count": 3,
    "lang": "nl",
    "updated": 0
  }
]