[
  {
    "id": "0796e8b7-3ea0-4818-8803-9842676650e4",
    "data": [
      {
        "text": "hé",
        "userDefined": false
      }
    ],
    "isTemplate": false,
    "count": 0,
    "lang": "nl",
    "updated": 0
  },
  {
    "id": "9097081c-0bf2-4e3d-b4b7-b77aad096a4b",
    "data": [
      {
        "text": "hoi",
        "userDefined": false
      }
    ],
    "isTemplate": false,
    "count": 0,
    "lang": "nl",
    "updated": 0
  },
  {
    "id": "04bc2d82-9502-4e22-b985-9f538028d03c",
    "data": [
      {
        "text": "hé hoi",
        "userDefined": false
      }
    ],
    "isTemplate": false,
    "count": 0,
    "lang": "nl",
    "updated": 0
  },
  {
    "id": "12adc191-8d7f-444f-953c-6758a24f633a",
    "data": [
      {
        "text": "hé hallo",
        "userDefined": false
      }
    ],
    "isTemplate": false,
    "count": 0,
    "lang": "nl",
    "updated": 0
  },
  {
    "id": "e3bda645-f712-4a5d-b522-acb9f4b42059",
    "data": [
      {
        "text": "gegroet",
        "userDefined": false
      }
    ],
    "isTemplate": false,
    "count": 0,
    "lang": "nl",
    "updated": 0
  },
  {
    "id": "b8797b6a-a4de-4672-ad60-641c79e00397",
    "data": [
      {
        "text": "ik begroet je",
        "userDefined": false
      }
    ],
    "isTemplate": false,
    "count": 0,
    "lang": "nl",
    "updated": 0
  },
  {
    "id": "bd2c475b-f2b2-42fe-9e4c-5d14fe84c00e",
    "data": [
      {
        "text": "lang niet gezien",
        "userDefined": false
      }
    ],
    "isTemplate": false,
    "count": 0,
    "lang": "nl",
    "updated": 0
  },
  {
    "id": "c08c3fa4-3490-41d2-82f4-26a44651b07b",
    "data": [
      {
        "text": "goeiedag",
        "userDefined": false
      }
    ],
    "isTemplate": false,
    "count": 0,
    "lang": "nl",
    "updated": 0
  },
  {
    "id": "9fad8228-3530-4f89-b935-8df4ab4a7aab",
    "data": [
      {
        "text": "goedendag",
        "userDefined": false
      }
    ],
    "isTemplate": false,
    "count": 0,
    "lang": "nl",
    "updated": 0
  },
  {
    "id": "144769d6-e0c7-4f82-a8d7-928b41da1838",
    "data": [
      {
        "text": "hallo",
        "userDefined": false
      }
    ],
    "isTemplate": false,
    "count": 0,
    "lang": "nl",
    "updated": 0
  }
]