[
  {
    "id": "0984cd03-eb42-41b7-b847-14049f18a04b",
    "data": [
      {
        "text": "niet echt",
        "userDefined": false
      }
    ],
    "isTemplate": false,
    "count": 1,
    "lang": "nl",
    "updated": 0
  },
  {
    "id": "396ce7fc-8224-4157-9b9a-a84572fbe96e",
    "data": [
      {
        "text": "dat wil ik niet",
        "userDefined": false
      }
    ],
    "isTemplate": false,
    "count": 0,
    "lang": "nl",
    "updated": 0
  },
  {
    "id": "8cbe6f40-ac37-40eb-9d58-4edeeef596a2",
    "data": [
      {
        "text": "nee",
        "userDefined": false
      }
    ],
    "isTemplate": false,
    "count": 0,
    "lang": "nl",
    "updated": 0
  },
  {
    "id": "94af51e6-fbe2-473b-89dc-896ea8ca8301",
    "data": [
      {
        "text": "dat vind ik niet",
        "userDefined": false
      }
    ],
    "isTemplate": false,
    "count": 0,
    "lang": "nl",
    "updated": 0
  },
  {
    "id": "20882122-161b-4aec-ae28-d9820b3c91ef",
    "data": [
      {
        "text": "doe dat niet",
        "userDefined": false
      }
    ],
    "isTemplate": false,
    "count": 0,
    "lang": "nl",
    "updated": 0
  },
  {
    "id": "daf3f241-ffa0-4acd-a5bf-e54be909d707",
    "data": [
      {
        "text": "geen interesse",
        "userDefined": false
      }
    ],
    "isTemplate": false,
    "count": 0,
    "lang": "nl",
    "updated": 0
  },
  {
    "id": "9af0ae7b-fd6d-4426-877a-3880ab9ba9a9",
    "data": [
      {
        "text": "nee bedankt",
        "userDefined": false
      }
    ],
    "isTemplate": false,
    "count": 1,
    "lang": "nl",
    "updated": 0
  },
  {
    "id": "2bf2d39b-cb30-45a1-ad91-15a81ef975dd",
    "data": [
      {
        "text": "ik dacht het niet",
        "userDefined": false
      }
    ],
    "isTemplate": false,
    "count": 0,
    "lang": "nl",
    "updated": 0
  },
  {
    "id": "38ae99f3-0726-4520-9b3d-d1a59ff65ef0",
    "data": [
      {
        "text": "absoluut niet",
        "userDefined": false
      }
    ],
    "isTemplate": false,
    "count": 1,
    "lang": "nl",
    "updated": 0
  }
]