[
  {
    "id": "4a8c30e7-1762-4e65-9015-dc9811cfd32f",
    "data": [
      {
        "text": "Mijn naam is ",
        "userDefined": false
      },
      {
        "text": "Henk",
        "meta": "@sys.person",
        "alias": "person",
        "userDefined": false
      }
    ],
    "isTemplate": false,
    "count": 0,
    "lang": "nl",
    "updated": 0
  },
  {
    "id": "d05229a5-7616-4fa0-805c-e0f6932c1f4f",
    "data": [
      {
        "text": "Ik heet ",
        "userDefined": false
      },
      {
        "text": "Pieter",
        "meta": "@sys.person",
        "alias": "person",
        "userDefined": false
      }
    ],
    "isTemplate": false,
    "count": 0,
    "lang": "nl",
    "updated": 0
  },
  {
    "id": "b417395d-6098-4308-947d-f39601e53939",
    "data": [
      {
        "text": "Susan",
        "meta": "@sys.person",
        "alias": "person",
        "userDefined": false
      }
    ],
    "isTemplate": false,
    "count": 0,
    "lang": "nl",
    "updated": 0
  },
  {
    "id": "ef595ae9-f7f8-4014-bda0-adc34fee2d06",
    "data": [
      {
        "text": "Peter",
        "meta": "@sys.person",
        "alias": "person",
        "userDefined": false
      }
    ],
    "isTemplate": false,
    "count": 0,
    "lang": "nl",
    "updated": 0
  }
]