[
  {
    "id": "4edd90a8-7f37-441e-8c2c-7246db6fdf0b",
    "data": [
      {
        "text": "Wat is ",
        "userDefined": false
      },
      {
        "text": "het",
        "meta": "@sys.ignore",
        "userDefined": false
      },
      {
        "text": " ",
        "userDefined": false
      },
      {
        "text": "weer",
        "meta": "@weather",
        "alias": "weather",
        "userDefined": false
      },
      {
        "text": " ",
        "userDefined": false
      },
      {
        "text": "in",
        "meta": "@sys.ignore",
        "userDefined": false
      },
      {
        "text": " ",
        "userDefined": false
      },
      {
        "text": "Caïro",
        "meta": "@sys.geo-city",
        "alias": "geo-city",
        "userDefined": false
      },
      {
        "text": " op ",
        "userDefined": false
      },
      {
        "text": "29 december",
        "meta": "@sys.date",
        "alias": "date",
        "userDefined": true
      }
    ],
    "isTemplate": false,
    "count": 0,
    "lang": "nl",
    "updated": 0
  },
  {
    "id": "91a37319-5d12-4eff-a52c-0a1fbb59e966",
    "data": [
      {
        "text": "Wat",
        "meta": "@sys.ignore",
        "userDefined": false
      },
      {
        "text": " is ",
        "userDefined": false
      },
      {
        "text": "het",
        "meta": "@sys.ignore",
        "userDefined": false
      },
      {
        "text": " ",
        "userDefined": false
      },
      {
        "text": "weer",
        "meta": "@weather",
        "alias": "weather",
        "userDefined": false
      },
      {
        "text": " ",
        "userDefined": false
      },
      {
        "text": "vandaag",
        "meta": "@sys.date",
        "alias": "date",
        "userDefined": false
      },
      {
        "text": " in ",
        "userDefined": false
      },
      {
        "text": "Den Haag",
        "meta": "@sys.geo-city",
        "alias": "geo-city",
        "userDefined": false
      }
    ],
    "isTemplate": false,
    "count": 0,
    "lang": "nl",
    "updated": 0
  },
  {
    "id": "4aa59f5e-0190-44cd-b38c-a0000783270f",
    "data": [
      {
        "text": "wat voor ",
        "userDefined": false
      },
      {
        "text": "weer",
        "meta": "@weather",
        "alias": "weather",
        "userDefined": false
      },
      {
        "text": " is het op ",
        "userDefined": false
      },
      {
        "text": "24 september",
        "meta": "@sys.date",
        "alias": "date",
        "userDefined": false
      },
      {
        "text": " in ",
        "userDefined": false
      },
      {
        "text": "Amsterdam",
        "meta": "@sys.geo-city",
        "alias": "geo-city",
        "userDefined": false
      }
    ],
    "isTemplate": false,
    "count": 0,
    "lang": "nl",
    "updated": 0
  }
]